battery_kwh,solar_kwp,system_cost,baseline_cost,monthly_savings,grid_import_kwh,grid_export_kwh,solar_production_kwh,consumption_kwh,self_consumption_pct,self_sufficiency_pct,simulation_days,investment_cost,total_savings,payback_months,payback_years
9.99,6,14.278739713766592,835.4371500000112,67.67789095765752,103.82193305736276,359.9117687856473,737.7939354152157,459.03140109890114,51.217846676511904,77.38238978666435,364,5825.2,821.1584102862446,86.07242213922594,7.172701844935495
9.99,4,158.50142224026195,835.4371500000112,55.791406134045275,130.9307161389572,164.40758475131724,513.3201552197802,459.03140109890114,67.97172620644022,71.47674084484966,364,4805.2,676.9357277597493,86.12796007426222,7.177330006188519
13.32,6,-19.67530274663672,835.4371500000112,70.4763010505479,77.57813470747288,331.45777729581937,738.9533473827723,459.03140109890114,55.14496571809605,83.09960178720797,364,6091.6,855.1124527466479,86.43472925219083,7.2028941043492365
13.32,4,132.9482764008829,835.4371500000112,57.89743463729079,110.85517060978044,141.77500159804546,513.3201552197802,459.03140109890114,72.38078416434985,75.85019884382682,364,5071.6,702.4888735991283,87.59628180025554,7.299690150021295
6.66,4,209.58047495217346,835.4371500000112,51.58159409734927,171.09382520991852,209.77394285002305,513.3201552197802,459.03140109890114,59.13389709776592,62.727206722606034,364,4538.8,625.8566750478378,87.9926275918108,7.332718965984234
16.65,6,-35.75304950152598,835.4371500000112,71.80139006880802,65.46632246695079,319.16570685036453,740.28103382457,459.03140109890114,56.88587276085752,85.73816032841603,364,6358.0,871.1901995015372,88.54981768329363,7.379151473607802
6.66,6,76.46006369947776,835.4371500000112,62.55305656323078,152.21243589251466,413.2552945567968,736.4598833454797,459.03140109890114,43.88624500773587,66.84051776673127,364,5558.8,758.9770863005335,88.86536174904536,7.405446812420447
16.65,4,122.82247082691556,835.4371500000112,58.73197905272767,102.92014096549471,132.8822508178954,513.3201552197802,459.03140109890114,74.11318268595916,77.57884521209041,364,5338.0,712.6146791730956,90.88745324259747,7.573954436883123
13.32,8,-92.39525506924907,835.4371500000112,76.46970371449947,63.48958633269231,428.46078748917915,850.9993634280218,459.03140109890114,49.652043714434726,86.16879233518644,364,7111.6,927.8324050692603,92.99892185474187,7.749910154561822
9.99,8,-56.712639511233476,835.4371500000112,73.52882880587181,92.24051697956048,462.7549046992443,852.8426707785087,459.03140109890114,45.73971020037925,79.90540151311201,364,6845.2,892.1497895112448,93.09545808314793,7.757954840262328
3.33,4,279.0116826933092,835.4371500000112,45.85924181099193,225.6991275443399,271.4850194451773,513.3201552197802,459.03140109890114,47.1119501767976,50.83144050624292,364,4272.4,556.4254673067021,93.16333701304139,7.763611417753449
3.33,6,153.23783316157363,835.4371500000112,56.22521842075036,211.8977214857963,478.87916196959327,734.623485323309,459.03140109890114,34.81297950080676,53.83807709483003,364,5292.4,682.1993168384377,94.12858053116602,7.8440483775971686
16.65,8,-111.80502109565218,835.4371500000112,78.06940970568654,48.508003695000056,412.27250237751156,851.7465573012998,459.03140109890114,51.596810243205624,89.43253041537594,364,7378.0,947.2421710956634,94.50564603747209,7.875470503122674
6.66,8,9.58024080615493,835.4371500000112,68.06512987861453,143.21328656868226,517.3103174770167,849.7980671074624,459.03140109890114,39.125500810111916,68.8009826286751,364,6578.8,825.8569091938563,96.65448389994187,8.054540324995155
0.0,4,361.9194921499986,835.4371500000112,39.02618059203401,290.90981579670347,345.19856991758104,513.3201552197802,459.03140109890114,32.75179896846582,36.62529075346957,364,3906.0,473.51765785001265,100.08665825723385,8.340554854769488
0.0,6,240.33826526250417,835.4371500000112,49.04661137946487,277.9265862980762,547.0222289835145,728.1270437843406,459.03140109890114,24.87269444897399,39.453687561955,364,4926.0,595.0988847375071,100.4350731162326,8.369589426352716
13.32,10,-140.94097754950414,835.4371500000112,80.47072479803698,56.020738603228075,500.4781355921282,930.9122125326151,459.03140109890114,46.237880559055014,87.79588096389116,364,8131.6,976.3781275495154,101.05041330755311,8.420867775629427
9.99,10,-105.8244833250862,835.4371500000112,77.57650824107945,85.84256740137354,539.9545796612348,936.7258750906319,459.03140109890114,42.357247299377526,81.29919495793312,364,7865.2,941.2616333250975,101.38636268028243,8.448863556690203
16.65,10,-158.3880395720377,835.4371500000112,81.9086694702238,40.0920391434065,476.69412942246845,925.1410102004505,459.03140109890114,48.473354422026645,91.26594846290953,364,8398.0,993.8251895720489,102.52882941839165,8.544069118199305
3.33,8,96.48628248553166,835.4371500000112,60.902544025918644,204.94613922692406,569.7438686280269,832.4540519351406,459.03140109890114,31.558520580975234,55.35247943031959,364,6312.4,738.9508675144796,103.64755858661003,8.63729654888417
6.66,10,-30.878431068019605,835.4371500000112,71.39963580231023,138.12752263392983,581.6013508140857,919.2875849288503,459.03140109890114,36.733470532064274,69.90891640457306,364,7598.8,866.3155810680308,106.42631316831074,8.868859430692561
13.32,12,-176.94887123864424,835.4371500000112,83.43840834384524,51.47959645574184,557.6409411842573,992.822491312917,459.03140109890114,43.83276506489815,88.78516887243401,364,9151.6,1012.3860212386555,109.68090333514925,9.140075277929105
9.99,12,-136.67614123197185,835.4371500000112,80.11922729933927,81.89440551494516,588.7169490436191,989.564621847406,459.03140109890114,40.507478132701365,82.15930210462867,364,8885.2,972.1132912319831,110.8997215712448,9.2416434642704
16.65,12,-193.54232342547581,835.4371500000112,84.80600055704562,34.92185599590648,529.7392197898869,983.6509214445836,459.03140109890114,46.145608341227884,92.39227296600949,364,9418.0,1028.979473425487,111.05346246890733,9.254455205742277
0.0,8,195.5755234499997,835.4371500000112,52.73584834203392,271.08338695054886,613.5911554945048,801.5391696428571,459.03140109890114,23.44838795989179,40.94447867801917,364,5946.0,639.8616265500116,112.75062764583706,9.395885637153087
3.33,10,66.06423631420245,835.4371500000112,63.40985552355567,200.5059090733533,615.7757929930583,882.9538883748241,459.03140109890114,30.2595751487699,56.31978365894993,364,7332.4,769.3729136858087,115.6350213931041,9.636251782758675
6.66,12,-54.73087040851248,835.4371500000112,73.36549618751569,134.47087944107244,617.0354484710053,958.4681383965883,459.03140109890114,35.622748033832636,70.70551619798667,364,8618.8,890.1680204085237,117.47756708372982,9.789797256977485
3.33,2,501.36215854377065,835.4371500000112,27.533653141997853,279.7515585743394,16.041919082804352,202.14536373626368,459.03140109890114,92.06416670345503,39.05611731471389,364,3252.4,334.0749914562406,118.12453593522696,9.84371132793558
13.32,14,-200.7907503447799,835.4371500000112,85.4033983800652,48.48754327837919,595.5454926746481,1033.8162478810618,459.03140109890114,42.39348686042664,89.43698771755001,364,10171.6,1036.2279003447911,119.10064696411716,9.92505391367643
16.65,14,-220.53876954789422,835.4371500000112,87.03098238032189,31.707047823626283,573.3082347257423,1030.566681535716,459.03140109890114,44.36961285499571,93.09261899126705,364,10438.0,1055.9759195479055,119.93430057340224,9.99452504778352
9.99,14,-156.58999467767458,835.4371500000112,81.76047895695213,78.84732392072803,618.3216845056285,1022.3208399073749,459.03140109890114,39.51784406922097,82.82310889146777,364,9905.2,992.0271446776858,121.14899675691977,10.095749729743314
6.66,2,484.3602620152038,835.4371500000112,28.934908350396217,266.4054023181996,1.025213332244088,202.14536373626368,459.03140109890114,99.49283361572334,41.96357772465311,364,3518.8,351.07688798480746,121.61089150129676,10.134240958441397
0.0,10,170.05655656250028,835.4371500000112,54.83905989869595,266.85329206730626,650.3085885989002,842.4866976304944,459.03140109890114,22.810818209011227,41.866004933764636,364,6966.0,665.3805934375109,127.02624758462807,10.585520632052338
3.33,12,46.77123762389021,835.4371500000112,64.99993783319678,197.51631350011135,644.3168673344272,914.4864981788725,459.03140109890114,29.543315443417335,56.97106711495859,364,8352.4,788.665912376121,128.49858443609557,10.708215369674631
13.32,16,-217.9056566867328,835.4371500000112,86.81396758407232,45.96952941428579,621.3671707844749,1062.2491120062032,459.03140109890114,41.504571407836934,89.9855370886966,364,11191.6,1053.342806686744,128.91473931498223,10.742894942915186
6.66,14,-71.13661269376445,835.4371500000112,74.71761780443207,131.8263609000834,640.9215443652057,985.0501226682553,459.03140109890114,34.93513379510995,71.28162461554986,364,9638.8,906.5737626937757,129.00304216374855,10.750253513645712
16.65,16,-239.48631616864168,835.4371500000112,88.59259336554831,29.379965053021962,603.6219489666365,1063.2809393339062,459.03140109890114,43.23024831567315,93.599574019841,364,11458.0,1074.9234661686528,129.3336109117194,10.777800909309951
9.99,2,483.24296775420225,835.4371500000112,29.026993042237006,265.5596034040789,0.15558470031128718,202.14536373626368,459.03140109890114,99.9230332581289,42.14783503517606,364,3785.2,352.194182245809,130.4027597516621,10.866896645971842
0.0,2,568.0714750749942,835.4371500000112,22.035632548765143,332.214873832417,75.32883646978021,202.14536373626368,459.03140109890114,62.735313302529796,27.62698302619186,364,2886.0,267.36567492501706,130.9696916398131,10.914140969984425
9.99,16,-170.99903418092651,835.4371500000112,82.9480371577696,76.50540840247257,639.228456332607,1045.639501296706,459.03140109890114,38.86722378602809,83.3332952344171,364,10925.2,1006.4361841809377,131.7113746672504,10.975947888937533
16.65,18,-253.7250854575714,835.4371500000112,89.76611830694362,27.38283908715655,625.4708501295233,1087.1900352329412,459.03140109890114,42.46904130283809,94.03464795183876,364,12478.0,1089.1622354575827,139.0056764773218,11.58380637311015
13.32,18,-230.43383885621773,835.4371500000112,87.84651007056831,44.004323343667565,639.8112101820564,1082.711780598025,459.03140109890114,40.906599369532756,90.4136572708701,364,12211.6,1065.870988856229,139.0106447050686,11.58422039208905
13.32,2,482.9274153484449,835.4371500000112,29.053000108645573,265.3447337079388,0.0,202.14536373626368,459.03140109890114,100.0,42.1946444028197,364,4051.6,352.5097346515663,139.45547739816126,11.621289783180105
6.66,16,-83.63033268266597,835.4371500000112,75.74732000131955,129.75082977230875,658.8808575582368,1005.119849200822,459.03140109890114,34.44753299000932,71.73377911365301,364,10658.8,919.0674826826772,140.7152094597448,11.726267454978734
3.33,14,32.6361917319581,835.4371500000112,66.16491414297141,195.20980689927362,664.7918753256512,937.2748550046109,459.03140109890114,29.071832901952682,57.473539624533345,364,9372.4,802.8009582680531,141.65211458973252,11.80434288247771
0.0,12,152.77722582500047,835.4371500000112,56.26318056387451,263.8784223214276,674.7558436813164,869.9088224587912,459.03140109890114,22.43372796540634,42.5140803679848,364,7986.0,682.6599241750107,141.94007377406697,11.828339481172248
9.99,18,-182.24944698266734,835.4371500000112,83.8752689820889,74.55041086462916,655.0780111736759,1063.4961319902595,459.03140109890114,38.40334802649985,83.75919148751943,364,11945.2,1017.6865969826786,142.41623478490223,11.868019565408519
16.65,2,482.78655634844495,835.4371500000112,29.06460936688733,265.26733865299377,0.0,202.14536373626368,459.03140109890114,100.0,42.211504917102545,364,4318.0,352.6505936515663,148.56556114321643,12.380463428601368
16.65,20,-264.93317873265755,835.4371500000112,90.68986225818699,25.69394863310438,642.2311097079103,1105.6904072293848,459.03140109890114,41.91582874294812,94.40257277136288,364,13498.0,1100.370328732669,148.83692249495587,12.403076874579655
13.32,20,-240.2932090851543,835.4371500000112,88.65909552899714,42.3529069256868,653.9330350753501,1098.5258665584784,459.03140109890114,40.47176721254393,90.77341837087924,364,13231.6,1075.7303590851654,149.24131496099494,12.436776246749579
6.66,18,-94.03792995473492,835.4371500000112,76.6050890072593,127.91548624570154,673.4425444819564,1021.5531954862631,459.03140109890114,34.07660536352243,72.13360873799103,364,11678.8,929.4750799547462,152.4546234636355,12.704551955302959
9.99,20,-191.69109176631943,835.4371500000112,84.65342651920307,72.92717349807688,668.4448094769629,1078.5233001752943,459.03140109890114,38.02221895731698,84.11281378060576,364,12965.2,1027.1282417663306,153.15623398964166,12.763019499136805
3.33,16,21.133738184169143,835.4371500000112,67.11291855625072,193.29018303230927,681.2933961565161,955.7103436557613,459.03140109890114,28.713401431813722,57.89172972272028,364,10392.4,814.3034118158421,154.8494719580643,12.904122663172025
0.0,14,139.60300667500024,835.4371500000112,57.348967856456945,261.62385556318543,693.4459006524723,890.8534461881867,459.03140109890114,22.15937384318242,43.00523778180113,364,9006.0,695.8341433250109,157.03857168871454,13.086547640726211
6.66,20,-103.02279161648435,835.4371500000112,77.34559958377712,126.30858433063332,685.9294267133929,1035.6819602166029,459.03140109890114,33.77026412916012,72.48367235264166,364,12698.8,938.4599416164956,164.1825788194357,13.681881568286308
3.33,18,11.280322734795437,835.4371500000112,67.92501323614417,191.59579056210285,695.2417913905819,971.37087917459,459.03140109890114,28.42674139239642,58.26085315657471,364,11412.4,824.1568272652158,168.0146893799536,14.001224114996134
0.0,16,128.95619240000073,835.4371500000112,58.226452549451416,259.8131175824159,708.5927505494486,907.811034065934,459.03140109890114,21.944906598482287,43.39970708748147,364,10026.0,706.4809576000105,172.18977906107145,14.349148255089288
3.33,20,2.8282363003128443,835.4371500000112,68.62161376645867,190.0680639370895,706.9278298046434,984.6091947343906,459.03140109890114,28.20219092151124,58.59366843268786,364,12432.4,832.6089136996984,181.17323854130623,15.097769878442186
0.0,18,120.16676967500123,835.4371500000112,58.95085552129204,258.25344993131654,720.854071153844,921.6320223214285,459.03140109890114,21.78504504019514,43.73948071677252,364,11046.0,715.27038032501,187.37641552988782,15.614701294157319
0.0,20,112.81700450000103,835.4371500000112,59.55660539835249,256.9120879120858,730.967710508241,933.0870236950549,459.03140109890114,21.66135719971915,44.0316964597521,364,12066.0,722.6201455000102,202.59717489428604,16.88309790785717
0.0,0,835.4371500000112,835.4371500000112,0.0,459.0314010989041,0.0,0.0,459.03140109890114,0.0,-6.531871620309881e-13,364,1350.0,0.0,11988.0,999.0
16.65,0,834.7328550000115,835.4371500000112,0.058046291208772624,458.6444258241787,0.0,0.0,459.03140109890114,0.0,0.08430257141362779,364,2782.0,0.7042949999997745,47927.26532680786,3993.9387772339883
13.32,0,834.8737140000113,835.4371500000112,0.046437032967025595,458.72182087912375,0.0,0.0,459.03140109890114,0.0,0.0674420571307814,364,2515.6,0.5634359999999106,54172.28102808159,4514.3567523401325
9.99,0,835.0145730000114,835.4371500000112,0.03482777472525982,458.7992159340688,0.0,0.0,459.03140109890114,0.0,0.05058154284793501,364,2249.2,0.42257699999981924,64580.64053023475,5381.720044186229
6.66,0,835.1554320000114,835.4371500000112,0.023218516483503426,458.87661098901395,0.0,0.0,459.03140109890114,0.0,0.03372102856505594,364,1982.8,0.2817179999998416,85397.35953452339,7116.44662787695
3.33,0,835.2962910000114,835.4371500000112,0.01160925824174703,458.9540060439591,0.0,0.0,459.03140109890114,0.0,0.016860514282176883,364,1716.4,0.14085899999986395,147847.51654742294,12320.626378951913
